{"count":1,"self":504.58152959999995,"total":4644.1755625,"children":{"InitializeActuators":{"count":1,"self":0.0009972,"total":0.0009972,"children":null},"InitializeSensors":{"count":1,"self":0.00099739999999999985,"total":0.00099739999999999985,"children":null},"AgentSendState":{"count":351451,"self":2.7112035999999997,"total":14.950583499999999,"children":{"CollectObservations":{"count":351451,"self":0.4515201,"total":0.4515201,"children":null},"WriteActionMask":{"count":351451,"self":0.4310053,"total":0.4310053,"children":null},"RequestDecision":{"count":351451,"self":1.9785952,"total":11.3568546,"children":{"AgentInfo.ToProto":{"count":351451,"self":2.1691648,"total":9.3782594,"children":{"GenerateSensorData":{"count":351451,"self":7.2090944,"total":7.2090945,"children":null}}}}}}},"DecideAction":{"count":351451,"self":1588.3737088,"total":1588.3737440999998,"children":null},"AgentAct":{"count":351451,"self":2535.2853504,"total":2536.2667235999998,"children":{"AgentInfo.ToProto":{"count":35266,"self":0.2754803,"total":0.9813947999999999,"children":{"GenerateSensorData":{"count":35266,"self":0.7059145,"total":0.7059145,"children":null}}}}}},"gauges":{"TrackGenerator.CumulativeReward":{"count":35266,"max":1.9000001,"min":-0.8,"runningAverage":1.41799927,"value":1.9000001,"weightedAverage":1.81244874}},"metadata":{"timer_format_version":"0.1.0","start_time_seconds":"1628110797","unity_version":"2020.3.6f1","command_line_arguments":"C:\\Program Files\\Unity\\Hub\\Editor\\2020.3.6f1\\Editor\\Unity.exe -projectpath D:\/Projects\/Unity\/MLAgents-Intro -useHub -hubIPC -cloudEnvironment production -hubSessionId 2c19dc60-f53b-11eb-bd57-e3c4a13ab21b","communication_protocol_version":"1.5.0","com.unity.ml-agents_version":"2.1.0-exp.1","scene_name":"Generate","end_time_seconds":"1628115441"}}